/*审批状态*/
INSERT INTO ess_codecategory (id, isDeleted, version, categoryCd, categoryNm, description, isCommon, isEnabled, isTree) VALUES ('bust', 'F', '0', 'bust', '审批状态', '审批状态', 'T', 'T', 'F');
INSERT INTO ess_simplecode (isTree, id, isDeleted, version, code, desc_, isEnable, name, dispOrder, fullCode, isDefault, isFixed, codeCategory_id) VALUES (0, 'bust001', 'F', '0', 'bust001', '未审批', 'T', '未审批', '0', 'bust001', 'F', 'F', 'bust');
INSERT INTO ess_simplecode (isTree, id, isDeleted, version, code, desc_, isEnable, name, dispOrder, fullCode, isDefault, isFixed, codeCategory_id) VALUES (0, 'bust002', 'F', '0', 'bust002', '审批中', 'T', '审批中', '0', 'bust002', 'F', 'F', 'bust');
INSERT INTO ess_simplecode (isTree, id, isDeleted, version, code, desc_, isEnable, name, dispOrder, fullCode, isDefault, isFixed, codeCategory_id) VALUES (0, 'bust003', 'F', '0', 'bust003', '通过审批', 'T', '通过审批', '0', 'bust003', 'F', 'F', 'bust');
INSERT INTO ess_simplecode (isTree, id, isDeleted, version, code, desc_, isEnable, name, dispOrder, fullCode, isDefault, isFixed, codeCategory_id) VALUES (0, 'bust004', 'F', '0', 'bust004', '已作废', 'T', '已作废', '0', 'bust004', 'F', 'F', 'bust');

/*资方类型*/
INSERT INTO ess_codecategory (id, isDeleted, version, categoryCd, categoryNm, description, isCommon, isEnabled, isTree) VALUES ('rstp', 'F', '0', 'rstp', '资方类型', '资方类型', 'T', 'T', 'F');
INSERT INTO ess_simplecode (isTree, id, isDeleted, version, code, desc_, isEnable, name, dispOrder, fullCode, isDefault, isFixed, codeCategory_id) VALUES (0, 'rstp001', 'F', '0', 'rstp001', '银行', 'T', '银行', '0', 'rstp001', 'F', 'F', 'rstp');
INSERT INTO ess_simplecode (isTree, id, isDeleted, version, code, desc_, isEnable, name, dispOrder, fullCode, isDefault, isFixed, codeCategory_id) VALUES (0, 'rstp002', 'F', '0', 'rstp002', '信托', 'T', '信托', '0', 'rstp002', 'F', 'F', 'rstp');
INSERT INTO ess_simplecode (isTree, id, isDeleted, version, code, desc_, isEnable, name, dispOrder, fullCode, isDefault, isFixed, codeCategory_id) VALUES (0, 'rstp003', 'F', '0', 'rstp003', 'P2P', 'T', 'P2P', '0', 'rstp003', 'F', 'F', 'rstp');
INSERT INTO ess_simplecode (isTree, id, isDeleted, version, code, desc_, isEnable, name, dispOrder, fullCode, isDefault, isFixed, codeCategory_id) VALUES (0, 'rstp004', 'F', '0', 'rstp004', '小贷公司', 'T', '小贷公司', '0', 'rstp004', 'F', 'F', 'rstp');

/*信托类型*/
INSERT INTO ess_codecategory (id, isDeleted, version, categoryCd, categoryNm, description, isCommon, isEnabled, isTree) VALUES ('tttp', 'F', '0', 'tttp', '信托类型', '信托类型', 'T', 'T', 'F');
INSERT INTO ess_simplecode (isTree, id, isDeleted, version, code, desc_, isEnable, name, dispOrder, fullCode, isDefault, isFixed, codeCategory_id) VALUES (0, 'tttp001', 'F', '0', 'tttp001', '单一基础信托', 'T', '单一基础信托', '0', 'tttp001', 'F', 'F', 'tttp');
INSERT INTO ess_simplecode (isTree, id, isDeleted, version, code, desc_, isEnable, name, dispOrder, fullCode, isDefault, isFixed, codeCategory_id) VALUES (0, 'tttp002', 'F', '0', 'tttp002', '单一非基础信托', 'T', '单一非基础信托', '0', 'tttp002', 'F', 'F', 'tttp');
INSERT INTO ess_simplecode (isTree, id, isDeleted, version, code, desc_, isEnable, name, dispOrder, fullCode, isDefault, isFixed, codeCategory_id) VALUES (0, 'tttp003', 'F', '0', 'tttp003', '集合信托', 'T', '集合信托', '0', 'tttp003', 'F', 'F', 'tttp');

/*转让状态*/
INSERT INTO ess_codecategory (id, isDeleted, version, categoryCd, categoryNm, description, isCommon, isEnabled, isTree) VALUES ('tsst', 'F', '0', 'tsst', '转让状态', '转让状态', 'T', 'T', 'F');
INSERT INTO ess_simplecode (isTree, id, isDeleted, version, code, desc_, isEnable, name, dispOrder, fullCode, isDefault, isFixed, codeCategory_id) VALUES (0, 'tsst001', 'F', '0', 'tsst001', '已转让', 'T', '已转让', '0', 'tsst001', 'F', 'F', 'tsst');
INSERT INTO ess_simplecode (isTree, id, isDeleted, version, code, desc_, isEnable, name, dispOrder, fullCode, isDefault, isFixed, codeCategory_id) VALUES (0, 'tsst002', 'F', '0', 'tsst002', '未转让', 'T', '未转让', '0', 'tsst002', 'F', 'F', 'tsst');
INSERT INTO ess_simplecode (isTree, id, isDeleted, version, code, desc_, isEnable, name, dispOrder, fullCode, isDefault, isFixed, codeCategory_id) VALUES (0, 'tsst003', 'F', '0', 'tsst003', '即将转让', 'T', '即将转让', '0', 'tsst003', 'F', 'F', 'tsst');
INSERT INTO ess_simplecode (isTree, id, isDeleted, version, code, desc_, isEnable, name, dispOrder, fullCode, isDefault, isFixed, codeCategory_id) VALUES (0, 'tsst004', 'F', '0', 'tsst004', '已终止', 'T', '已终止', '0', 'tsst004', 'F', 'F', 'tsst');

/*贷方类型*/
INSERT INTO ess_codecategory  (id, isDeleted, version, categoryCd, categoryNm, description, isCommon, isEnabled, isTree) VALUES ('cdtp','F','0','cdtp','贷方类型','贷方类型','T','T','F');
INSERT INTO ess_simplecode (isTree, id, isDeleted, version, code, desc_, isEnable, name, dispOrder, fullCode, isDefault, isFixed, codeCategory_id) VALUES (0, 'YWDM0014301', 'F','0', 'YWDM0014301', '客户还款','T', '客户还款',  '0', 'YWDM0014301', 'F', 'F',   'cdtp');
INSERT INTO ess_simplecode (isTree, id, isDeleted, version, code, desc_, isEnable, name, dispOrder, fullCode, isDefault, isFixed, codeCategory_id) VALUES (0, 'YWDM0014302', 'F','0', 'YWDM0014302', '债权转让','T', '债权转让', '0', 'YWDM0014302', 'F', 'F',  'cdtp');
INSERT INTO ess_simplecode (isTree, id, isDeleted, version, code, desc_, isEnable, name, dispOrder, fullCode, isDefault, isFixed, codeCategory_id) VALUES (0, 'YWDM0014303', 'F','0', 'YWDM0014303', '代偿','T', '代偿',  '0', 'YWDM0014303', 'F', 'F',  'cdtp');
INSERT INTO ess_simplecode (isTree, id, isDeleted, version, code, desc_, isEnable, name, dispOrder, fullCode, isDefault, isFixed, codeCategory_id) VALUES (0, 'YWDM0014304', 'F','0', 'YWDM0014304', '结息','T', '结息', '0', 'YWDM0014304', 'F', 'F',   'cdtp');
INSERT INTO ess_simplecode (isTree, id, isDeleted, version, code, desc_, isEnable, name, dispOrder, fullCode, isDefault, isFixed, codeCategory_id) VALUES (0, 'YWDM0014305', 'F','0', 'YWDM0014305', '内部借款','T', '内部借款',  '0', 'YWDM0014305', 'F', 'F',  'cdtp');
INSERT INTO ess_simplecode (isTree, id, isDeleted, version, code, desc_, isEnable, name, dispOrder, fullCode, isDefault, isFixed, codeCategory_id) VALUES (0, 'YWDM0014306', 'F','0', 'YWDM0014306', '银行利息','T', '银行利息',  '0', 'YWDM0014306', 'F', 'F',   'cdtp');
INSERT INTO ess_simplecode (isTree, id, isDeleted, version, code, desc_, isEnable, name, dispOrder, fullCode, isDefault, isFixed, codeCategory_id) VALUES (0, 'YWDM0014307', 'F','0', 'YWDM0014307', '暂待收款','T', '暂待收款', '0', 'YWDM0014307', 'F', 'F',   'cdtp');
INSERT INTO ess_simplecode (isTree, id, isDeleted, version, code, desc_, isEnable, name, dispOrder, fullCode, isDefault, isFixed, codeCategory_id) VALUES (0, 'YWDM0014308', 'F','0', 'YWDM0014308', '信托保障基金','T', '信托保障基金', '0', 'YWDM0014308', 'F', 'F',  'cdtp');
INSERT INTO ess_simplecode (isTree, id, isDeleted, version, code, desc_, isEnable, name, dispOrder, fullCode, isDefault, isFixed, codeCategory_id) VALUES (0, 'YWDM0014309', 'F','0', 'YWDM0014309', '内部还款','T', '内部还款',  '0', 'YWDM0014309', 'F', 'F',  'cdtp');
INSERT INTO ess_simplecode (isTree, id, isDeleted, version, code, desc_, isEnable, name, dispOrder, fullCode, isDefault, isFixed, codeCategory_id) VALUES (0, 'YWDM0014310', 'F','0', 'YWDM0014310', '回购','T', '回购', '0', 'YWDM0014310', 'F', 'F',  'cdtp');
INSERT INTO ess_simplecode (isTree, id, isDeleted, version, code, desc_, isEnable, name, dispOrder, fullCode, isDefault, isFixed, codeCategory_id) VALUES (0, 'YWDM0014311', 'F','0', 'YWDM0014311', '信托保障基金利息','T', '信托保障基金利息',  '0', 'YWDM0014311', 'F', 'F', 'cdtp');

/*资金状态*/
INSERT INTO ess_codecategory (id, isDeleted, version, categoryCd, categoryNm, description, isCommon, isEnabled, isTree) VALUES ('cpst', 'F', '0', 'cpst', '资金状态', '资金状态', 'T', 'T', 'F');
INSERT INTO ess_simplecode (isTree, id, isDeleted, version, code, desc_, isEnable, name, dispOrder, fullCode, isDefault, isFixed, codeCategory_id) VALUES (0, 'cpst001', 'F', '0', 'cpst001', '正常', 'T', '正常', '0', 'cpst001', 'F', 'F', 'cpst');
INSERT INTO ess_simplecode (isTree, id, isDeleted, version, code, desc_, isEnable, name, dispOrder, fullCode, isDefault, isFixed, codeCategory_id) VALUES (0, 'cpst002', 'F', '0', 'cpst002', '已销退', 'T', '已销退', '0', 'cpst002', 'F', 'F', 'cpst');
INSERT INTO ess_simplecode (isTree, id, isDeleted, version, code, desc_, isEnable, name, dispOrder, fullCode, isDefault, isFixed, codeCategory_id) VALUES (0, 'cpst003', 'F', '0', 'cpst003', '作废', 'T', '作废', '0', 'cpst003', 'F', 'F', 'cpst');

/*支出类型*/
INSERT INTO ess_codecategory (id, isDeleted, version, categoryCd, categoryNm, description, isCommon, isEnabled, isTree) VALUES ('dbtp','F','0','dbtp','支出类型','支出类型','T', 'T', 'F');
INSERT INTO ess_simplecode (isTree, id, isDeleted, version, code, desc_, isEnable, name, dispOrder, fullCode, isDefault, isFixed, codeCategory_id) VALUES (0, 'YWDM0013701', 'F', '0', 'YWDM0013701', '退客户款', 'T' , '退客户款', '0', 'YWDM0013701','F' , 'F', 'dbtp');
INSERT INTO ess_simplecode (isTree, id, isDeleted, version, code, desc_, isEnable, name, dispOrder, fullCode, isDefault, isFixed, codeCategory_id) VALUES (0, 'YWDM0013702', 'F', '0', 'YWDM0013702', '收益/费用', 'T' , '收益/费用', '0', 'YWDM0013702','F' , 'F', 'dbtp');
INSERT INTO ess_simplecode (isTree, id, isDeleted, version, code, desc_, isEnable, name, dispOrder, fullCode, isDefault, isFixed, codeCategory_id) VALUES (0, 'YWDM0013703', 'F', '0', 'YWDM0013703', '优先利息-投资方', 'T' , '优先利息-投资方', '0', 'YWDM0013703','F' , 'F', 'dbtp');
INSERT INTO ess_simplecode (isTree, id, isDeleted, version, code, desc_, isEnable, name, dispOrder, fullCode, isDefault, isFixed, codeCategory_id) VALUES (0, 'YWDM0013704', 'F', '0', 'YWDM0013704', '劣后收益-劣后方', 'T' , '劣后收益-劣后方', '0', 'YWDM0013704','F' , 'F', 'dbtp');
INSERT INTO ess_simplecode (isTree, id, isDeleted, version, code, desc_, isEnable, name, dispOrder, fullCode, isDefault, isFixed, codeCategory_id) VALUES (0, 'YWDM0013705', 'F', '0', 'YWDM0013705', '信托保障基金', 'T' , '信托保障基金', '0', 'YWDM0013705','F' , 'F', 'dbtp');
INSERT INTO ess_simplecode (isTree, id, isDeleted, version, code, desc_, isEnable, name, dispOrder, fullCode, isDefault, isFixed, codeCategory_id) VALUES (0, 'YWDM0013706', 'F', '0', 'YWDM0013706', '信托费用', 'T' , '信托费用', '0', 'YWDM0013706','F' , 'F', 'dbtp');
INSERT INTO ess_simplecode (isTree, id, isDeleted, version, code, desc_, isEnable, name, dispOrder, fullCode, isDefault, isFixed, codeCategory_id) VALUES (0, 'YWDM0013707', 'F', '0', 'YWDM0013707', '银行托管费', 'T' , '银行托管费',  '0', 'YWDM0013707','F' , 'F', 'dbtp');
INSERT INTO ess_simplecode (isTree, id, isDeleted, version, code, desc_, isEnable, name, dispOrder, fullCode, isDefault, isFixed, codeCategory_id) VALUES (0, 'YWDM0013708', 'F', '0', 'YWDM0013708', '信托服务费', 'T' , '信托服务费',  '0', 'YWDM0013708','F' , 'F', 'dbtp');
INSERT INTO ess_simplecode (isTree, id, isDeleted, version, code, desc_, isEnable, name, dispOrder, fullCode, isDefault, isFixed, codeCategory_id) VALUES (0, 'YWDM0013709', 'F', '0', 'YWDM0013709', '展期服务费', 'T' , '展期服务费', '0', 'YWDM0013709','F' , 'F', 'dbtp');
INSERT INTO ess_simplecode (isTree, id, isDeleted, version, code, desc_, isEnable, name, dispOrder, fullCode, isDefault, isFixed, codeCategory_id) VALUES (0, 'YWDM0013710', 'F', '0', 'YWDM0013710', '印花税', 'T' , '印花税', '0', 'YWDM0013710','F' , 'F', 'dbtp');
INSERT INTO ess_simplecode (isTree, id, isDeleted, version, code, desc_, isEnable, name, dispOrder, fullCode, isDefault, isFixed, codeCategory_id) VALUES (0, 'YWDM0013711', 'F', '0', 'YWDM0013711', '深泛联管理费', 'T' , '深泛联管理费', '0', 'YWDM0013711','F' , 'F', 'dbtp');
INSERT INTO ess_simplecode (isTree, id, isDeleted, version, code, desc_, isEnable, name, dispOrder, fullCode, isDefault, isFixed, codeCategory_id) VALUES (0, 'YWDM0013712', 'F', '0', 'YWDM0013712', '代偿退回', 'T' , '代偿退回',  '0', 'YWDM0013712','F' , 'F', 'dbtp');
INSERT INTO ess_simplecode (isTree, id, isDeleted, version, code, desc_, isEnable, name, dispOrder, fullCode, isDefault, isFixed, codeCategory_id) VALUES (0, 'YWDM0013713', 'F', '0', 'YWDM0013713', '内部还款', 'T' , '内部还款',  '0', 'YWDM0013713','F' , 'F', 'dbtp');
INSERT INTO ess_simplecode (isTree, id, isDeleted, version, code, desc_, isEnable, name, dispOrder, fullCode, isDefault, isFixed, codeCategory_id) VALUES (0, 'YWDM0013714', 'F', '0', 'YWDM0013714', '回购退回 ', 'T' , '回购退回 ',  '0', 'YWDM0013714','F' , 'F', 'dbtp');

/*操作类型*/
INSERT INTO ess_codecategory (id, isDeleted, version, categoryCd, categoryNm, description, isCommon, isEnabled, isTree) VALUES ('ortp', 'F', '0', 'ortp', '操作类型', '操作类型', 'T', 'T', 'F');
INSERT INTO ess_simplecode (isTree, id, isDeleted, version, code, desc_, isEnable, name, dispOrder, fullCode, isDefault, isFixed, codeCategory_id) VALUES (0, 'ortp001', 'F', '0', 'ortp001', '请款', 'T', '请款', '0', 'ortp001', 'F', 'F', 'ortp');
INSERT INTO ess_simplecode (isTree, id, isDeleted, version, code, desc_, isEnable, name, dispOrder, fullCode, isDefault, isFixed, codeCategory_id) VALUES (0, 'ortp002', 'F', '0', 'ortp002', '退回', 'T', '退回', '0', 'ortp002', 'F', 'F', 'ortp');

/*借方类型*/
INSERT INTO ess_codecategory (id, isDeleted, version, categoryCd, categoryNm, description, isCommon, isEnabled, isTree) VALUES ('edtp', 'F', '0', 'edtp', '借方类型', '借方类型', 'T', 'T', 'F');
INSERT INTO ess_simplecode (isTree, id, isDeleted, version, code, desc_, isEnable, name, dispOrder, fullCode, isDefault, isFixed, codeCategory_id) VALUES (0, 'YWDM0013301', 'F', '0', 'YWDM0013301', '投资方', 'T', '投资方', '0', 'YWDM0013301', 'F', 'F', 'edtp');
INSERT INTO ess_simplecode (isTree, id, isDeleted, version, code, desc_, isEnable, name, dispOrder, fullCode, isDefault, isFixed, codeCategory_id) VALUES (0, 'YWDM0013302', 'F', '0', 'YWDM0013302', '外贸信托', 'T', '外贸信托', '0', 'YWDM0013302', 'F', 'F', 'edtp');
INSERT INTO ess_simplecode (isTree, id, isDeleted, version, code, desc_, isEnable, name, dispOrder, fullCode, isDefault, isFixed, codeCategory_id) VALUES (0, 'YWDM0013303', 'F', '0', 'YWDM0013303', '托管银行', 'T', '托管银行', '0', 'YWDM0013303', 'F', 'F', 'edtp');
INSERT INTO ess_simplecode (isTree, id, isDeleted, version, code, desc_, isEnable, name, dispOrder, fullCode, isDefault, isFixed, codeCategory_id) VALUES (0, 'YWDM0013304', 'F', '0', 'YWDM0013304', '深泛联', 'T', '深泛联', '0', 'YWDM0013304', 'F', 'F', 'edtp');
INSERT INTO ess_simplecode (isTree, id, isDeleted, version, code, desc_, isEnable, name, dispOrder, fullCode, isDefault, isFixed, codeCategory_id) VALUES (0, 'YWDM0013305', 'F', '0', 'YWDM0013305', '其他往来对象', 'T', '其他往来对象', '0', 'YWDM0013305', 'F', 'F', 'edtp');

/*出资方类型*/
INSERT INTO ess_codecategory (id, isDeleted, version, categoryCd, categoryNm, description, isCommon, isEnabled, isTree) VALUES ('ittp', 'F', '0', 'ittp', '出资方类型', '出资方类型', 'T', 'T', 'F');
INSERT INTO ess_simplecode (isTree, id, isDeleted, version, code, desc_, isEnable, name, dispOrder, fullCode, isDefault, isFixed, codeCategory_id) VALUES (0, 'ittp001', 'F', '0', 'ittp001', '优先-货币', 'T', '优先-货币', '0', 'ittp001', 'F', 'F', 'ittp');
INSERT INTO ess_simplecode (isTree, id, isDeleted, version, code, desc_, isEnable, name, dispOrder, fullCode, isDefault, isFixed, codeCategory_id) VALUES (0, 'ittp002', 'F', '0', 'ittp002', '劣后-现金', 'T', '劣后-现金', '0', 'ittp002', 'F', 'F', 'ittp');
INSERT INTO ess_simplecode (isTree, id, isDeleted, version, code, desc_, isEnable, name, dispOrder, fullCode, isDefault, isFixed, codeCategory_id) VALUES (0, 'ittp003', 'F', '0', 'ittp003', '劣后-债权', 'T', '劣后-债权', '0', 'ittp003', 'F', 'F', 'ittp');
INSERT INTO ess_simplecode (isTree, id, isDeleted, version, code, desc_, isEnable, name, dispOrder, fullCode, isDefault, isFixed, codeCategory_id) VALUES (0, 'ittp004', 'F', '0', 'ittp004', '单一-货币', 'T', '单一-货币', '0', 'ittp004', 'F', 'F', 'ittp');

/**出资方类型2*/
INSERT INTO ess_codecategory (id,createTime,deleteTime,isDeleted,updateTime,version,categoryCd,categoryNm,codeGenRuler,description,isCommon,isEnabled,isTree,orderNo,createBy,updateBy,createOrgCd,updateOrgCd)VALUES('ittp2',NULL,NULL,'0',NULL,'0','ittp2','出资方类型2',NULL,'出资方类型2',1,1,0,NULL,NULL,NULL,NULL,NULL);
INSERT INTO ess_simplecode (isTree, id, isDeleted, version, code, desc_, isEnable, name, dispOrder, fullCode, isDefault, isFixed, codeCategory_id) VALUES (0, 'ittp2001', 'F', '0', 'ittp2001', '优先-货币', 'T', '优先-货币', '0', 'ittp2001', 'F', 'F', 'ittp2');
INSERT INTO ess_simplecode (isTree, id, isDeleted, version, code, desc_, isEnable, name, dispOrder, fullCode, isDefault, isFixed, codeCategory_id) VALUES (0, 'ittp2002', 'F', '0', 'ittp2002', '劣后-货币', 'T', '劣后-货币', '0', 'ittp2002', 'F', 'F', 'ittp2');
INSERT INTO ess_simplecode (isTree, id, isDeleted, version, code, desc_, isEnable, name, dispOrder, fullCode, isDefault, isFixed, codeCategory_id) VALUES (0, 'ittp2003', 'F', '0', 'ittp2003', '单一-货币', 'T', '单一-货币', '0', 'ittp2003', 'F', 'F', 'ittp2');

/*派息周期*/
INSERT INTO ess_codecategory (id, isDeleted, version, categoryCd, categoryNm, description, isCommon, isEnabled, isTree) VALUES ('popd', 'F', '0', 'popd', '派息周期', '派息周期', 'T', 'T', 'F');
INSERT INTO ess_simplecode (isTree, id, isDeleted, version, code, desc_, isEnable, name, dispOrder, fullCode, isDefault, isFixed, codeCategory_id) VALUES (0, 'popd001', 'F', '0', 'popd001', '按月付息', 'T', '按月付息', '0', 'popd001', 'F', 'F', 'popd');
INSERT INTO ess_simplecode (isTree, id, isDeleted, version, code, desc_, isEnable, name, dispOrder, fullCode, isDefault, isFixed, codeCategory_id) VALUES (0, 'popd002', 'F', '0', 'popd002', '按季付息', 'T', '按季付息', '0', 'popd002', 'F', 'F', 'popd');
INSERT INTO ess_simplecode (isTree, id, isDeleted, version, code, desc_, isEnable, name, dispOrder, fullCode, isDefault, isFixed, codeCategory_id) VALUES (0, 'popd003', 'F', '0', 'popd003', '按年付息', 'T', '按年付息', '0', 'popd003', 'F', 'F', 'popd');
INSERT INTO ess_simplecode (isTree, id, isDeleted, version, code, desc_, isEnable, name, dispOrder, fullCode, isDefault, isFixed, codeCategory_id) VALUES (0, 'popd004', 'F', '0', 'popd004', '到期付息', 'T', '到期付息', '0', 'popd004', 'F', 'F', 'popd');

/*受让方类型*/
INSERT INTO ess_codecategory (id, isDeleted, version, categoryCd, categoryNm, description, isCommon, isEnabled, isTree) VALUES ('tftp', 'F', '0', 'tftp', '受让方类型', '受让方类型', 'T', 'T', 'F');
INSERT INTO ess_simplecode (isTree, id, isDeleted, version, code, desc_, isEnable, name, dispOrder, fullCode, isDefault, isFixed, codeCategory_id) VALUES (0, 'tftp001', 'F', '0', 'tftp001', '个人', 'T', '个人', '0', 'tftp001', 'F', 'F', 'tftp');
INSERT INTO ess_simplecode (isTree, id, isDeleted, version, code, desc_, isEnable, name, dispOrder, fullCode, isDefault, isFixed, codeCategory_id) VALUES (0, 'tftp002', 'F', '0', 'tftp002', '机构', 'T', '机构', '0', 'tftp002', 'F', 'F', 'tftp');

/*借方类型2*/
INSERT INTO ess_codecategory (id, isDeleted, version, categoryCd, categoryNm, description, isCommon, isEnabled, isTree) VALUES ('edty', 'F', '0', 'edty', '借方类型2', '借方类型2', 'T', 'T', 'F');
INSERT INTO ess_simplecode (isTree, id, isDeleted, version, code, desc_, isEnable, name, dispOrder, fullCode, isDefault, isFixed, codeCategory_id) VALUES (0, 'edty003', 'F', '0', 'edty003', '外贸信托', 'T', '外贸信托', '0', 'edty003', 'F', 'F', 'edty');
INSERT INTO ess_simplecode (isTree, id, isDeleted, version, code, desc_, isEnable, name, dispOrder, fullCode, isDefault, isFixed, codeCategory_id) VALUES (0, 'edty004', 'F', '0', 'edty004', '托管银行', 'T', '托管银行', '0', 'edty004', 'F', 'F', 'edty');
INSERT INTO ess_simplecode (isTree, id, isDeleted, version, code, desc_, isEnable, name, dispOrder, fullCode, isDefault, isFixed, codeCategory_id) VALUES (0, 'edty005', 'F', '0', 'edty005', '深泛联', 'T', '深泛联', '0', 'edty005', 'F', 'F', 'edty');
INSERT INTO ess_simplecode (isTree, id, isDeleted, version, code, desc_, isEnable, name, dispOrder, fullCode, isDefault, isFixed, codeCategory_id) VALUES (0, 'edty006', 'F', '0', 'edty006', '其他往来对象', 'T', '其他往来对象', '0', 'edty006', 'F', 'F', 'edty');

/**终端列表状态*/
INSERT INTO ess_codecategory (id, isDeleted, version, categoryCd, categoryNm, description, isCommon, isEnabled, isTree) VALUES ('tmst', 'F', '0', 'tmst', '终端状态', '终端状态', 'T', 'T', 'F');
INSERT INTO ess_simplecode (isTree, id, isDeleted, version, code, desc_, isEnable, name, dispOrder, fullCode, isDefault, isFixed, codeCategory_id) VALUES (0, 'tmst001', 'F', '0', 'tmst001', '正常', 'T', '正常', '0', 'tmst001', 'F', 'F', 'tmst');
INSERT INTO ess_simplecode (isTree, id, isDeleted, version, code, desc_, isEnable, name, dispOrder, fullCode, isDefault, isFixed, codeCategory_id) VALUES (0, 'tmst002', 'F', '0', 'tmst002', '停用', 'T', '停用', '0', 'tmst002', 'F', 'F', 'tmst');


/**
 * 费用项 liuwei
 */
INSERT INTO cptl_fee_item (id, createBy, createOrgCd, createTime, deleteTime, isDeleted, updateBy, updateOrgCd, updateTime, version, attribution, feeItemCd, feeItemNm) VALUES ('1', NULL, NULL, NULL, NULL, 'F', NULL, NULL, NULL, '0', 'YWDM0014301', 'capital', '本金');
INSERT INTO cptl_fee_item (id, createBy, createOrgCd, createTime, deleteTime, isDeleted, updateBy, updateOrgCd, updateTime, version, attribution, feeItemCd, feeItemNm) VALUES ('10', NULL, NULL, NULL, NULL, 'F', NULL, NULL, NULL, '0', 'YWDM0014303', 'penalty', '罚息');
INSERT INTO cptl_fee_item (id, createBy, createOrgCd, createTime, deleteTime, isDeleted, updateBy, updateOrgCd, updateTime, version, attribution, feeItemCd, feeItemNm) VALUES ('11', NULL, NULL, NULL, NULL, 'F', NULL, NULL, NULL, '0', 'YWDM0014304', 'interest', '利息');
INSERT INTO cptl_fee_item (id, createBy, createOrgCd, createTime, deleteTime, isDeleted, updateBy, updateOrgCd, updateTime, version, attribution, feeItemCd, feeItemNm) VALUES ('12', NULL, NULL, NULL, NULL, 'F', NULL, NULL, NULL, '0', 'YWDM0014305', 'profit', '收益');
INSERT INTO cptl_fee_item (id, createBy, createOrgCd, createTime, deleteTime, isDeleted, updateBy, updateOrgCd, updateTime, version, attribution, feeItemCd, feeItemNm) VALUES ('13', NULL, NULL, NULL, NULL, 'F', NULL, NULL, NULL, '0', 'YWDM0014305', 'serviceCharge', '服务费');
INSERT INTO cptl_fee_item (id, createBy, createOrgCd, createTime, deleteTime, isDeleted, updateBy, updateOrgCd, updateTime, version, attribution, feeItemCd, feeItemNm) VALUES ('14', NULL, NULL, NULL, NULL, 'F', NULL, NULL, NULL, '0', 'YWDM0014305', 'custodyFee', '保管费');
INSERT INTO cptl_fee_item (id, createBy, createOrgCd, createTime, deleteTime, isDeleted, updateBy, updateOrgCd, updateTime, version, attribution, feeItemCd, feeItemNm) VALUES ('15', NULL, NULL, NULL, NULL, 'F', NULL, NULL, NULL, '0', 'YWDM0014305', 'managementExpense', '管理费');
INSERT INTO cptl_fee_item (id, createBy, createOrgCd, createTime, deleteTime, isDeleted, updateBy, updateOrgCd, updateTime, version, attribution, feeItemCd, feeItemNm) VALUES ('16', NULL, NULL, NULL, NULL, 'F', NULL, NULL, NULL, '0', 'YWDM0014305', 'counterFee', '手续费');
INSERT INTO cptl_fee_item (id, createBy, createOrgCd, createTime, deleteTime, isDeleted, updateBy, updateOrgCd, updateTime, version, attribution, feeItemCd, feeItemNm) VALUES ('17', NULL, NULL, NULL, NULL, 'F', NULL, NULL, NULL, '0', 'YWDM0014305', 'other', '其他');
INSERT INTO cptl_fee_item (id, createBy, createOrgCd, createTime, deleteTime, isDeleted, updateBy, updateOrgCd, updateTime, version, attribution, feeItemCd, feeItemNm) VALUES ('18', NULL, NULL, NULL, NULL, 'F', NULL, NULL, NULL, '0', 'YWDM0014306', 'capital', '本金');
INSERT INTO cptl_fee_item (id, createBy, createOrgCd, createTime, deleteTime, isDeleted, updateBy, updateOrgCd, updateTime, version, attribution, feeItemCd, feeItemNm) VALUES ('19', NULL, NULL, NULL, NULL, 'F', NULL, NULL, NULL, '0', 'YWDM0014306', 'interest', '利息');
INSERT INTO cptl_fee_item (id, createBy, createOrgCd, createTime, deleteTime, isDeleted, updateBy, updateOrgCd, updateTime, version, attribution, feeItemCd, feeItemNm) VALUES ('2', NULL, NULL, NULL, NULL, 'F', NULL, NULL, NULL, '0', 'YWDM0014301', 'interest', '利息');
INSERT INTO cptl_fee_item (id, createBy, createOrgCd, createTime, deleteTime, isDeleted, updateBy, updateOrgCd, updateTime, version, attribution, feeItemCd, feeItemNm) VALUES ('20', NULL, NULL, NULL, NULL, 'F', NULL, NULL, NULL, '0', 'YWDM0014306', 'penalty', '罚息');
INSERT INTO cptl_fee_item (id, createBy, createOrgCd, createTime, deleteTime, isDeleted, updateBy, updateOrgCd, updateTime, version, attribution, feeItemCd, feeItemNm) VALUES ('21', NULL, NULL, NULL, NULL, 'F', NULL, NULL, NULL, '0', 'YWDM0014306', 'profit', '收益');
INSERT INTO cptl_fee_item (id, createBy, createOrgCd, createTime, deleteTime, isDeleted, updateBy, updateOrgCd, updateTime, version, attribution, feeItemCd, feeItemNm) VALUES ('22', NULL, NULL, NULL, NULL, 'F', NULL, NULL, NULL, '0', 'YWDM0014307', 'capital', '本金');
INSERT INTO cptl_fee_item (id, createBy, createOrgCd, createTime, deleteTime, isDeleted, updateBy, updateOrgCd, updateTime, version, attribution, feeItemCd, feeItemNm) VALUES ('23', NULL, NULL, NULL, NULL, 'F', NULL, NULL, NULL, '0', 'YWDM0014307', 'interest', '利息');
INSERT INTO cptl_fee_item (id, createBy, createOrgCd, createTime, deleteTime, isDeleted, updateBy, updateOrgCd, updateTime, version, attribution, feeItemCd, feeItemNm) VALUES ('24', NULL, NULL, NULL, NULL, 'F', NULL, NULL, NULL, '0', 'YWDM0014307', 'penalty', '罚息');
INSERT INTO cptl_fee_item (id, createBy, createOrgCd, createTime, deleteTime, isDeleted, updateBy, updateOrgCd, updateTime, version, attribution, feeItemCd, feeItemNm) VALUES ('25', NULL, NULL, NULL, NULL, 'F', NULL, NULL, NULL, '0', 'YWDM0014307', 'profit', '收益');
INSERT INTO cptl_fee_item (id, createBy, createOrgCd, createTime, deleteTime, isDeleted, updateBy, updateOrgCd, updateTime, version, attribution, feeItemCd, feeItemNm) VALUES ('26', NULL, NULL, NULL, NULL, 'F', NULL, NULL, NULL, '0', 'YWDM0014308', 'capital', '本金');
INSERT INTO cptl_fee_item (id, createBy, createOrgCd, createTime, deleteTime, isDeleted, updateBy, updateOrgCd, updateTime, version, attribution, feeItemCd, feeItemNm) VALUES ('27', NULL, NULL, NULL, NULL, 'F', NULL, NULL, NULL, '0', 'YWDM0014309', 'capital', '本金');
INSERT INTO cptl_fee_item (id, createBy, createOrgCd, createTime, deleteTime, isDeleted, updateBy, updateOrgCd, updateTime, version, attribution, feeItemCd, feeItemNm) VALUES ('28', NULL, NULL, NULL, NULL, 'F', NULL, NULL, NULL, '0', 'YWDM0014311', 'interest', '利息');
INSERT INTO cptl_fee_item (id, createBy, createOrgCd, createTime, deleteTime, isDeleted, updateBy, updateOrgCd, updateTime, version, attribution, feeItemCd, feeItemNm) VALUES ('29', NULL, NULL, NULL, NULL, 'F', NULL, NULL, NULL, '0', 'YWDM0014310', 'capital', '本金');
INSERT INTO cptl_fee_item (id, createBy, createOrgCd, createTime, deleteTime, isDeleted, updateBy, updateOrgCd, updateTime, version, attribution, feeItemCd, feeItemNm) VALUES ('3', NULL, NULL, NULL, NULL, 'F', NULL, NULL, NULL, '0', 'YWDM0014301', 'penalty', '罚息');
INSERT INTO cptl_fee_item (id, createBy, createOrgCd, createTime, deleteTime, isDeleted, updateBy, updateOrgCd, updateTime, version, attribution, feeItemCd, feeItemNm) VALUES ('30', NULL, NULL, NULL, NULL, 'F', NULL, NULL, NULL, '0', 'YWDM0014310', 'interest', '利息');
INSERT INTO cptl_fee_item (id, createBy, createOrgCd, createTime, deleteTime, isDeleted, updateBy, updateOrgCd, updateTime, version, attribution, feeItemCd, feeItemNm) VALUES ('31', NULL, NULL, NULL, NULL, 'F', NULL, NULL, NULL, '0', 'YWDM0014310', 'penalty', '罚息');
INSERT INTO cptl_fee_item (id, createBy, createOrgCd, createTime, deleteTime, isDeleted, updateBy, updateOrgCd, updateTime, version, attribution, feeItemCd, feeItemNm) VALUES ('32', NULL, NULL, NULL, NULL, 'F', NULL, NULL, NULL, '0', 'YWDM0013301', 'profit', '收益');
INSERT INTO cptl_fee_item (id, createBy, createOrgCd, createTime, deleteTime, isDeleted, updateBy, updateOrgCd, updateTime, version, attribution, feeItemCd, feeItemNm) VALUES ('33', NULL, NULL, NULL, NULL, 'F', NULL, NULL, NULL, '0', 'YWDM0013301', 'other', '其他');
INSERT INTO cptl_fee_item (id, createBy, createOrgCd, createTime, deleteTime, isDeleted, updateBy, updateOrgCd, updateTime, version, attribution, feeItemCd, feeItemNm) VALUES ('34', NULL, NULL, NULL, NULL, 'F', NULL, NULL, NULL, '0', 'YWDM0013302', 'serviceCharge', '服务费');
INSERT INTO cptl_fee_item (id, createBy, createOrgCd, createTime, deleteTime, isDeleted, updateBy, updateOrgCd, updateTime, version, attribution, feeItemCd, feeItemNm) VALUES ('35', NULL, NULL, NULL, NULL, 'F', NULL, NULL, NULL, '0', 'YWDM0013302', 'other', '其他');
INSERT INTO cptl_fee_item (id, createBy, createOrgCd, createTime, deleteTime, isDeleted, updateBy, updateOrgCd, updateTime, version, attribution, feeItemCd, feeItemNm) VALUES ('36', NULL, NULL, NULL, NULL, 'F', NULL, NULL, NULL, '0', 'YWDM0013303', 'custodyFee', '保管费');
INSERT INTO cptl_fee_item (id, createBy, createOrgCd, createTime, deleteTime, isDeleted, updateBy, updateOrgCd, updateTime, version, attribution, feeItemCd, feeItemNm) VALUES ('37', NULL, NULL, NULL, NULL, 'F', NULL, NULL, NULL, '0', 'YWDM0013303', 'other', '其他');
INSERT INTO cptl_fee_item (id, createBy, createOrgCd, createTime, deleteTime, isDeleted, updateBy, updateOrgCd, updateTime, version, attribution, feeItemCd, feeItemNm) VALUES ('38', NULL, NULL, NULL, NULL, 'F', NULL, NULL, NULL, '0', 'YWDM0013304', 'managementExpense', '管理费');
INSERT INTO cptl_fee_item (id, createBy, createOrgCd, createTime, deleteTime, isDeleted, updateBy, updateOrgCd, updateTime, version, attribution, feeItemCd, feeItemNm) VALUES ('39', NULL, NULL, NULL, NULL, 'F', NULL, NULL, NULL, '0', 'YWDM0013304', 'other', '其他');
INSERT INTO cptl_fee_item (id, createBy, createOrgCd, createTime, deleteTime, isDeleted, updateBy, updateOrgCd, updateTime, version, attribution, feeItemCd, feeItemNm) VALUES ('4', NULL, NULL, NULL, NULL, 'F', NULL, NULL, NULL, '0', 'YWDM0014301', 'counterFee', '手续费');
INSERT INTO cptl_fee_item (id, createBy, createOrgCd, createTime, deleteTime, isDeleted, updateBy, updateOrgCd, updateTime, version, attribution, feeItemCd, feeItemNm) VALUES ('40', NULL, NULL, NULL, NULL, 'F', NULL, NULL, NULL, '0', 'YWDM0013305', 'profit', '收益');
INSERT INTO cptl_fee_item (id, createBy, createOrgCd, createTime, deleteTime, isDeleted, updateBy, updateOrgCd, updateTime, version, attribution, feeItemCd, feeItemNm) VALUES ('41', NULL, NULL, NULL, NULL, 'F', NULL, NULL, NULL, '0', 'YWDM0013305', 'serviceCharge', '服务费');
INSERT INTO cptl_fee_item (id, createBy, createOrgCd, createTime, deleteTime, isDeleted, updateBy, updateOrgCd, updateTime, version, attribution, feeItemCd, feeItemNm) VALUES ('42', NULL, NULL, NULL, NULL, 'F', NULL, NULL, NULL, '0', 'YWDM0013305', 'custodyFee', '保管费');
INSERT INTO cptl_fee_item (id, createBy, createOrgCd, createTime, deleteTime, isDeleted, updateBy, updateOrgCd, updateTime, version, attribution, feeItemCd, feeItemNm) VALUES ('43', NULL, NULL, NULL, NULL, 'F', NULL, NULL, NULL, '0', 'YWDM0013305', 'managementExpense', '管理费');
INSERT INTO cptl_fee_item (id, createBy, createOrgCd, createTime, deleteTime, isDeleted, updateBy, updateOrgCd, updateTime, version, attribution, feeItemCd, feeItemNm) VALUES ('44', NULL, NULL, NULL, NULL, 'F', NULL, NULL, NULL, '0', 'YWDM0013305', 'other', '其他');
INSERT INTO cptl_fee_item (id, createBy, createOrgCd, createTime, deleteTime, isDeleted, updateBy, updateOrgCd, updateTime, version, attribution, feeItemCd, feeItemNm) VALUES ('45', NULL, NULL, NULL, NULL, 'F', NULL, NULL, NULL, '0', 'YWDM0013701', 'capital', '本金');
INSERT INTO cptl_fee_item (id, createBy, createOrgCd, createTime, deleteTime, isDeleted, updateBy, updateOrgCd, updateTime, version, attribution, feeItemCd, feeItemNm) VALUES ('46', NULL, NULL, NULL, NULL, 'F', NULL, NULL, NULL, '0', 'YWDM0013701', 'interest', '利息');
INSERT INTO cptl_fee_item (id, createBy, createOrgCd, createTime, deleteTime, isDeleted, updateBy, updateOrgCd, updateTime, version, attribution, feeItemCd, feeItemNm) VALUES ('47', NULL, NULL, NULL, NULL, 'F', NULL, NULL, NULL, '0', 'YWDM0013701', 'penalty', '罚息');
INSERT INTO cptl_fee_item (id, createBy, createOrgCd, createTime, deleteTime, isDeleted, updateBy, updateOrgCd, updateTime, version, attribution, feeItemCd, feeItemNm) VALUES ('48', NULL, NULL, NULL, NULL, 'F', NULL, NULL, NULL, '0', 'YWDM0013703', 'interest', '利息');
INSERT INTO cptl_fee_item (id, createBy, createOrgCd, createTime, deleteTime, isDeleted, updateBy, updateOrgCd, updateTime, version, attribution, feeItemCd, feeItemNm) VALUES ('49', NULL, NULL, NULL, NULL, 'F', NULL, NULL, NULL, '0', 'YWDM0013704', 'profit', '收益');
INSERT INTO cptl_fee_item (id, createBy, createOrgCd, createTime, deleteTime, isDeleted, updateBy, updateOrgCd, updateTime, version, attribution, feeItemCd, feeItemNm) VALUES ('5', NULL, NULL, NULL, NULL, 'F', NULL, NULL, NULL, '0', 'YWDM0014301', 'financialExpenses', '财务费用');
INSERT INTO cptl_fee_item (id, createBy, createOrgCd, createTime, deleteTime, isDeleted, updateBy, updateOrgCd, updateTime, version, attribution, feeItemCd, feeItemNm) VALUES ('50', NULL, NULL, NULL, NULL, 'F', NULL, NULL, NULL, '0', 'YWDM0013705', 'bond', '保证金');
INSERT INTO cptl_fee_item (id, createBy, createOrgCd, createTime, deleteTime, isDeleted, updateBy, updateOrgCd, updateTime, version, attribution, feeItemCd, feeItemNm) VALUES ('51', NULL, NULL, NULL, NULL, 'F', NULL, NULL, NULL, '0', 'YWDM0013706', 'incidental', '杂费');
INSERT INTO cptl_fee_item (id, createBy, createOrgCd, createTime, deleteTime, isDeleted, updateBy, updateOrgCd, updateTime, version, attribution, feeItemCd, feeItemNm) VALUES ('52', NULL, NULL, NULL, NULL, 'F', NULL, NULL, NULL, '0', 'YWDM0013707', 'custodianFee', '托管费');
INSERT INTO cptl_fee_item (id, createBy, createOrgCd, createTime, deleteTime, isDeleted, updateBy, updateOrgCd, updateTime, version, attribution, feeItemCd, feeItemNm) VALUES ('53', NULL, NULL, NULL, NULL, 'F', NULL, NULL, NULL, '0', 'YWDM0013708', 'serviceCharge', '服务费');
INSERT INTO cptl_fee_item (id, createBy, createOrgCd, createTime, deleteTime, isDeleted, updateBy, updateOrgCd, updateTime, version, attribution, feeItemCd, feeItemNm) VALUES ('54', NULL, NULL, NULL, NULL, 'F', NULL, NULL, NULL, '0', 'YWDM0013709', 'serviceCharge', '服务费');
INSERT INTO cptl_fee_item (id, createBy, createOrgCd, createTime, deleteTime, isDeleted, updateBy, updateOrgCd, updateTime, version, attribution, feeItemCd, feeItemNm) VALUES ('55', NULL, NULL, NULL, NULL, 'F', NULL, NULL, NULL, '0', 'YWDM0013710', 'stampDuty', '印花税');
INSERT INTO cptl_fee_item (id, createBy, createOrgCd, createTime, deleteTime, isDeleted, updateBy, updateOrgCd, updateTime, version, attribution, feeItemCd, feeItemNm) VALUES ('56', NULL, NULL, NULL, NULL, 'F', NULL, NULL, NULL, '0', 'YWDM0013711', 'managementExpense', '管理费');
INSERT INTO cptl_fee_item (id, createBy, createOrgCd, createTime, deleteTime, isDeleted, updateBy, updateOrgCd, updateTime, version, attribution, feeItemCd, feeItemNm) VALUES ('57', NULL, NULL, NULL, NULL, 'F', NULL, NULL, NULL, '0', 'YWDM0013702,YWDM0013302', 'serviceCharge', '服务费');
INSERT INTO cptl_fee_item (id, createBy, createOrgCd, createTime, deleteTime, isDeleted, updateBy, updateOrgCd, updateTime, version, attribution, feeItemCd, feeItemNm) VALUES ('58', NULL, NULL, NULL, NULL, 'F', NULL, NULL, NULL, '0', 'YWDM0013702,YWDM0013302', 'other', '其他');
INSERT INTO cptl_fee_item (id, createBy, createOrgCd, createTime, deleteTime, isDeleted, updateBy, updateOrgCd, updateTime, version, attribution, feeItemCd, feeItemNm) VALUES ('59', NULL, NULL, NULL, NULL, 'F', NULL, NULL, NULL, '0', 'YWDM0013702,YWDM0013303', 'custodyFee', '保管费');
INSERT INTO cptl_fee_item (id, createBy, createOrgCd, createTime, deleteTime, isDeleted, updateBy, updateOrgCd, updateTime, version, attribution, feeItemCd, feeItemNm) VALUES ('6', NULL, NULL, NULL, NULL, 'F', NULL, NULL, NULL, '0', 'YWDM0014302', 'capital', '本金');
INSERT INTO cptl_fee_item (id, createBy, createOrgCd, createTime, deleteTime, isDeleted, updateBy, updateOrgCd, updateTime, version, attribution, feeItemCd, feeItemNm) VALUES ('60', NULL, NULL, NULL, NULL, 'F', NULL, NULL, NULL, '0', 'YWDM0013702,YWDM0013303', 'other', '其他');
INSERT INTO cptl_fee_item (id, createBy, createOrgCd, createTime, deleteTime, isDeleted, updateBy, updateOrgCd, updateTime, version, attribution, feeItemCd, feeItemNm) VALUES ('61', NULL, NULL, NULL, NULL, 'F', NULL, NULL, NULL, '0', 'YWDM0013702,YWDM0013304', 'managementExpense', '管理费');
INSERT INTO cptl_fee_item (id, createBy, createOrgCd, createTime, deleteTime, isDeleted, updateBy, updateOrgCd, updateTime, version, attribution, feeItemCd, feeItemNm) VALUES ('62', NULL, NULL, NULL, NULL, 'F', NULL, NULL, NULL, '0', 'YWDM0013702,YWDM0013304', 'other', '其他');
INSERT INTO cptl_fee_item (id, createBy, createOrgCd, createTime, deleteTime, isDeleted, updateBy, updateOrgCd, updateTime, version, attribution, feeItemCd, feeItemNm) VALUES ('63', NULL, NULL, NULL, NULL, 'F', NULL, NULL, NULL, '0', 'YWDM0013702,YWDM0013305', 'profit', '收益');
INSERT INTO cptl_fee_item (id, createBy, createOrgCd, createTime, deleteTime, isDeleted, updateBy, updateOrgCd, updateTime, version, attribution, feeItemCd, feeItemNm) VALUES ('64', NULL, NULL, NULL, NULL, 'F', NULL, NULL, NULL, '0', 'YWDM0013702,YWDM0013305', 'serviceCharge', '服务费');
INSERT INTO cptl_fee_item (id, createBy, createOrgCd, createTime, deleteTime, isDeleted, updateBy, updateOrgCd, updateTime, version, attribution, feeItemCd, feeItemNm) VALUES ('65', NULL, NULL, NULL, NULL, 'F', NULL, NULL, NULL, '0', 'YWDM0013702,YWDM0013305', 'custodyFee', '保管费');
INSERT INTO cptl_fee_item (id, createBy, createOrgCd, createTime, deleteTime, isDeleted, updateBy, updateOrgCd, updateTime, version, attribution, feeItemCd, feeItemNm) VALUES ('66', NULL, NULL, NULL, NULL, 'F', NULL, NULL, NULL, '0', 'YWDM0013702,YWDM0013305', 'managementExpense', '管理费');
INSERT INTO cptl_fee_item (id, createBy, createOrgCd, createTime, deleteTime, isDeleted, updateBy, updateOrgCd, updateTime, version, attribution, feeItemCd, feeItemNm) VALUES ('67', NULL, NULL, NULL, NULL, 'F', NULL, NULL, NULL, '0', 'YWDM0013702,YWDM0013305', 'other', '其他');
INSERT INTO cptl_fee_item (id, createBy, createOrgCd, createTime, deleteTime, isDeleted, updateBy, updateOrgCd, updateTime, version, attribution, feeItemCd, feeItemNm) VALUES ('68', NULL, NULL, NULL, NULL, 'F', NULL, NULL, NULL, '0', 'YWDM0013712', 'capital', '本金');
INSERT INTO cptl_fee_item (id, createBy, createOrgCd, createTime, deleteTime, isDeleted, updateBy, updateOrgCd, updateTime, version, attribution, feeItemCd, feeItemNm) VALUES ('69', NULL, NULL, NULL, NULL, 'F', NULL, NULL, NULL, '0', 'YWDM0013712', 'interest', '利息');
INSERT INTO cptl_fee_item (id, createBy, createOrgCd, createTime, deleteTime, isDeleted, updateBy, updateOrgCd, updateTime, version, attribution, feeItemCd, feeItemNm) VALUES ('7', NULL, NULL, NULL, NULL, 'F', NULL, NULL, NULL, '0', 'YWDM0014302', 'interest', '利息');
INSERT INTO cptl_fee_item (id, createBy, createOrgCd, createTime, deleteTime, isDeleted, updateBy, updateOrgCd, updateTime, version, attribution, feeItemCd, feeItemNm) VALUES ('70', NULL, NULL, NULL, NULL, 'F', NULL, NULL, NULL, '0', 'YWDM0013712', 'penalty', '罚息');
INSERT INTO cptl_fee_item (id, createBy, createOrgCd, createTime, deleteTime, isDeleted, updateBy, updateOrgCd, updateTime, version, attribution, feeItemCd, feeItemNm) VALUES ('71', NULL, NULL, NULL, NULL, 'F', NULL, NULL, NULL, '0', 'YWDM0013713', 'profit', '收益');
INSERT INTO cptl_fee_item (id, createBy, createOrgCd, createTime, deleteTime, isDeleted, updateBy, updateOrgCd, updateTime, version, attribution, feeItemCd, feeItemNm) VALUES ('72', NULL, NULL, NULL, NULL, 'F', NULL, NULL, NULL, '0', 'YWDM0013713', 'serviceCharge', '服务费');
INSERT INTO cptl_fee_item (id, createBy, createOrgCd, createTime, deleteTime, isDeleted, updateBy, updateOrgCd, updateTime, version, attribution, feeItemCd, feeItemNm) VALUES ('73', NULL, NULL, NULL, NULL, 'F', NULL, NULL, NULL, '0', 'YWDM0013713', 'custodyFee', '保管费');
INSERT INTO cptl_fee_item (id, createBy, createOrgCd, createTime, deleteTime, isDeleted, updateBy, updateOrgCd, updateTime, version, attribution, feeItemCd, feeItemNm) VALUES ('74', NULL, NULL, NULL, NULL, 'F', NULL, NULL, NULL, '0', 'YWDM0013713', 'managementExpense', '管理费');
INSERT INTO cptl_fee_item (id, createBy, createOrgCd, createTime, deleteTime, isDeleted, updateBy, updateOrgCd, updateTime, version, attribution, feeItemCd, feeItemNm) VALUES ('75', NULL, NULL, NULL, NULL, 'F', NULL, NULL, NULL, '0', 'YWDM0013713', 'other', '其他');
INSERT INTO cptl_fee_item (id, createBy, createOrgCd, createTime, deleteTime, isDeleted, updateBy, updateOrgCd, updateTime, version, attribution, feeItemCd, feeItemNm) VALUES ('76', NULL, NULL, NULL, NULL, 'F', NULL, NULL, NULL, '0', 'YWDM0013714', 'capital', '本金');
INSERT INTO cptl_fee_item (id, createBy, createOrgCd, createTime, deleteTime, isDeleted, updateBy, updateOrgCd, updateTime, version, attribution, feeItemCd, feeItemNm) VALUES ('77', NULL, NULL, NULL, NULL, 'F', NULL, NULL, NULL, '0', 'YWDM0013714', 'interest', '利息');
INSERT INTO cptl_fee_item (id, createBy, createOrgCd, createTime, deleteTime, isDeleted, updateBy, updateOrgCd, updateTime, version, attribution, feeItemCd, feeItemNm) VALUES ('78', NULL, NULL, NULL, NULL, 'F', NULL, NULL, NULL, '0', 'YWDM0013714', 'penalty', '罚息');
INSERT INTO cptl_fee_item (id, createBy, createOrgCd, createTime, deleteTime, isDeleted, updateBy, updateOrgCd, updateTime, version, attribution, feeItemCd, feeItemNm) VALUES ('8', NULL, NULL, NULL, NULL, 'F', NULL, NULL, NULL, '0', 'YWDM0014303', 'capital', '本金');
INSERT INTO cptl_fee_item (id, createBy, createOrgCd, createTime, deleteTime, isDeleted, updateBy, updateOrgCd, updateTime, version, attribution, feeItemCd, feeItemNm) VALUES ('9', NULL, NULL, NULL, NULL, 'F', NULL, NULL, NULL, '0', 'YWDM0014303', 'interest', '利息');
